name,id,price,unit,size,weight
หลังคาไฟเบอร์ซีเมนต์ เอสซีจี รุ่น ลอนคู่ไฮบริด สีแดง ขนาด 50x120x0.55 ซม.,8852404067460,61.50 - 78.00 บาท,/ ชิ้น,50x120 ซม.,6.7 กก.
หลังคาไฟเบอร์ซีเมนต์ เอสซีจี รุ่น ลอนคู่ไฮบริด สีเปลือกมังคุด ขนาด 50x120x0.55 ซม.,8852404067545,61.50 - 78.00 บาท,/ ชิ้น,50x120 ซม.,6.7 กก.
หลังคาไฟเบอร์ซีเมนต์ เอสซีจี รุ่น ลอนคู่ไฮบริด สีน้ำเงินประกายมุก ขนาด 50x120x0.55 ซม.,8852404067583,68.00 - 81.60 บาท,/ ชิ้น,50x120 ซม.,6.7 กก.
หลังคาไฟเบอร์ซีเมนต์ เอสซีจี รุ่น ลอนคู่ไฮบริด สีเขียวประกายมุก ขนาด 50x120x0.55 ซม.,8852404067606,68.00 - 81.60 บาท,/ ชิ้น,50x120 ซม.,6.7 กก.
หลังคาไฟเบอร์ซีเมนต์ เอสซีจี รุ่น ลอนคู่ไฮบริด ซีเมนต์ ขนาด 50x120x0.55 ซม.,8852404067422,53.00 - 64.80 บาท,/ ชิ้น,50x120 ซม.,6.7 กก.
หลังคาไฟเบอร์ซีเมนต์ เอสซีจี รุ่น ลอนคู่ไฮบริด สีเทาศิลา ขนาด 50x120x0.55 ซม.,8852404067446,61.50 - 78.00 บาท,/ ชิ้น,50x120 ซม.,6.7 กก.
หลังคาไฟเบอร์ซีเมนต์ เอสซีจี รุ่น ลอนคู่ไฮบริด สีเทาศิลา ขนาด 50x150x0.55 ซม.,8852404067453,76.25 - 98.40 บาท,/ ชิ้น,50x150 ซม.,8.4 กก.
ระบบหลังคา เมทัลรูฟ เอสซีจี รุ่น คอมฟอร์ท ลอน Snaplock ลาย Stiffener B สี CHARCOAL GRAY 0.50 mm.,8852422119677,341.00 บาท,/ เมตร,30x100 ซม.,1.935395 กก.
ระบบหลังคา เมทัลรูฟ เอสซีจี รุ่น คอมฟอร์ท ลอน Snaplock ลาย Stiffener B สี TERRACOTTA 0.50 mm.,8852422119684,341.00 บาท,/ เมตร,30x100 ซม.,1.935395 กก.
ระบบหลังคา เมทัลรูฟ เอสซีจี รุ่น คอมฟอร์ท ลอน Snaplock ลาย Stiffener B สี WHITE PEARL 0.50 mm.,8852422119691,341.00 บาท,/ เมตร,30x100 ซม.,1.935395 กก.
หลังคา เมทัลรูฟ เอสซีจี รุ่น คอมฟอร์ท ลอน Snaplock ลาย Stiffener B สี MOCHA 0.50 mm.,8852422127269,341.00 บาท,/ เมตร,30x100 ซม.,1.935395 กก.
หลังคา เมทัลรูฟ เอสซีจี รุ่น คอมฟอร์ท ลอน Snaplock ลาย Stiffener B สี CHARCOAL GRAY 0.50 mm.,8852422127238,308.00 บาท,/ เมตร,30x100 ซม.,1.935395 กก.
หลังคา เมทัลรูฟ เอสซีจี รุ่น คอมฟอร์ท ลอน Snaplock ลาย Stiffener B สี TERRACOTTA 0.50 mm.,8852422127245,308.00 บาท,/ เมตร,30x100 ซม.,1.935395 กก.
หลังคา เมทัลรูฟ เอสซีจี รุ่น คอมฟอร์ท ลอน Snaplock ลาย Stiffener B สี WHITE PEARL 0.50 mm.,8852422127252,308.00 บาท,/ เมตร,30x100 ซม.,1.935395 กก.
หลังคา เมทัลรูฟ เอสซีจี รุ่น คอมฟอร์ท ลอน Snaplock สี BLACK MICA 0.50 mm.,8852422122080,293.00 บาท,/ เมตร,30x100 ซม.,1.935395 กก.
หลังคา เมทัลรูฟ เอสซีจี รุ่น คอมฟอร์ท ลอน Snaplock ลาย สี CHARCOAL GRAY 0.50 mm.,8852422122103,293.00 บาท,/ เมตร,30x100 ซม.,1.935395 กก.
หลังคา เมทัลรูฟ เอสซีจี รุ่น คอมฟอร์ท ลอน Snaplock สี TERRACOTTA 0.50 mm.,8852422122110,293.00 บาท,/ เมตร,30x100 ซม.,1.935395 กก.
หลังคา เมทัลรูฟ เอสซีจี รุ่น คอมฟอร์ท ลอน Snaplock สี WHITE PEARL 0.50 mm.,8852422122127,293.00 บาท,/ เมตร,30x100 ซม.,1.935395 กก.
หลังคา เมทัลรูฟ เอสซีจี รุ่น คอมฟอร์ท ลอน Snaplock สี MOCHA 0.50 mm.,8852422122134,293.00 บาท,/ เมตร,30x100 ซม.,1.935395 กก.
หลังคา เมทัลรูฟ เอสซีจี ลอน SSR760 - NoiseTECH 0.35 สี BLACK MICA 0.76x1.00 m,8852422120833,293.00 บาท,/ เมตร,30x100 ซม.,8.8 กก.
หลังคา เมทัลรูฟ เอสซีจี ลอน SSR760 - NoiseTECH 0.35 สี OCEAN BLUE 0.76x1.00 m,8852422120840,293.00 บาท,/ เมตร,30x100 ซม.,8.8 กก.
หลังคา เมทัลรูฟ เอสซีจี ลอน SSR760 - NoiseTECH 0.35 สี CHARCOAL GRAY 0.76x1.00 m,8852422120857,293.00 บาท,/ เมตร,30x100 ซม.,8.8 กก.
หลังคา เมทัลรูฟ เอสซีจี ลอน SSR760 - NoiseTECH 0.35 สี TERRACOTTA 0.76x1.00 m,8852422120864,293.00 บาท,/ เมตร,30x100 ซม.,8.8 กก.
หลังคา เมทัลรูฟ เอสซีจี ลอน SSR760 - NoiseTECH 0.35 สี WHITE PEARL 0.76x1.00 m,8852422120871,293.00 บาท,/ เมตร,30x100 ซม.,8.8 กก.
หลังคา เมทัลรูฟ เอสซีจี ลอน SSR760 - NoiseTECH 0.35 สี MOCHA 0.76x1.00 m,8852422120888,293.00 บาท,/ เมตร,30x100 ซม.,8.8 กก.
หลังคาไฟเบอร์ซีเมนต์ เอสซีจี รุ่น ลอนคู่ไฮบริด สีหมากสุก ขนาด 50x120x0.55 ซม.,8852404067521,61.50 - 78.00 บาท,/ ชิ้น,50x120 ซม.,6.7 กก.
หลังคาไฟเบอร์ซีเมนต์ เอสซีจี รุ่น ลอนคู่ไฮบริด สีหมากสุก ขนาด 50x150x0.55 ซม.,8852404067538,76.25 - 98.40 บาท,/ ชิ้น,50x150 ซม.,8.4 กก.
หลังคาไฟเบอร์ซีเมนต์ เอสซีจี รุ่น ลอนคู่ไฮบริด สีเปลือกมังคุด ขนาด 50x150x0.55 ซม.,8852404067552,76.25 - 98.40 บาท,/ ชิ้น,50x150 ซม.,8.4 กก.
หลังคาไฟเบอร์ซีเมนต์ เอสซีจี รุ่น ลอนคู่ไฮบริด สีน้ำทะเล ขนาด 50x120x0.55 ซม.,8852404067569,61.50 - 78.00 บาท,/ ชิ้น,50x120 ซม.,6.7 กก.
หลังคาไฟเบอร์ซีเมนต์ เอสซีจี รุ่น ลอนคู่ไฮบริด สีน้ำทะเล ขนาด 50x150x0.55 ซม.,8852404067576,76.25 - 98.40 บาท,/ ชิ้น,50x150 ซม.,8.4 กก.
หลังคาไฟเบอร์ซีเมนต์ เอสซีจี รุ่น ลอนคู่ไฮบริด สีแดง ขนาด 50x150x0.55 ซม.,8852404067477,76.25 - 98.40 บาท,/ ชิ้น,50x150 ซม.,8.4 กก.
หลังคาไฟเบอร์ซีเมนต์ เอสซีจี รุ่น ลอนคู่ไฮบริด สีเขียวประกายมุก ขนาด 50x150x0.55 ซม.,8852404067613,86.00 - 105.60 บาท,/ ชิ้น,50x150 ซม.,8.4 กก.
หลังคาไฟเบอร์ซีเมนต์ เอสซีจี รุ่น ลอนคู่ไฮบริด สีแดงประกายมุก ขนาด 50x120x0.55 ซม.,8852404067620,68.00 - 81.60 บาท,/ ชิ้น,50x120 ซม.,6.7 กก.
หลังคาไฟเบอร์ซีเมนต์ เอสซีจี รุ่น ลอนคู่ไฮบริด สีแดงประกายมุก ขนาด 50x150x0.55 ซม.,8852404067637,86.00 - 105.60 บาท,/ ชิ้น,50x150 ซม.,8.4 กก.
หลังคาไฟเบอร์ซีเมนต์ เอสซีจี รุ่น ลอนคู่ไฮบริด สีม่วงประกายมุก ขนาด 50x120x0.55 ซม.,8852404067644,68.00 - 81.60 บาท,/ ชิ้น,50x120 ซม.,6.7 กก.
หลังคาไฟเบอร์ซีเมนต์ เอสซีจี รุ่น ลอนคู่ไฮบริด สีน้ำเงินประกายมุก ขนาด 50x150x0.55 ซม.,8852404067590,86.00 - 105.60 บาท,/ ชิ้น,50x150 ซม.,8.4 กก.
หลังคาไฟเบอร์ซีเมนต์ เอสซีจี รุ่น ลอนคู่ไฮบริด สีเขียว ขนาด 50x120x0.55 ซม.,8852404067484,61.50 - 78.00 บาท,/ ชิ้น,50x120 ซม.,6.7 กก.
หลังคาไฟเบอร์ซีเมนต์ เอสซีจี รุ่น ลอนคู่ไฮบริด สีเขียว ขนาด 50x150x0.55 ซม.,8852404067491,76.25 - 98.40 บาท,/ ชิ้น,50x150 ซม.,8.4 กก.
หลังคาไฟเบอร์ซีเมนต์ เอสซีจี รุ่น ลอนคู่ไฮบริด สีเขียวสมุทร ขนาด 50x120x0.55 ซม.,8852404067507,61.50 - 78.00 บาท,/ ชิ้น,50x120 ซม.,6.7 กก.
หลังคาไฟเบอร์ซีเมนต์ เอสซีจี รุ่น ลอนคู่ไฮบริด สีเขียวสมุทร ขนาด 50x150x0.55 ซม.,8852404067514,76.25 - 98.40 บาท,/ ชิ้น,50x150 ซม.,8.4 กก.
